Escape Room Name,Address,Phone Number,URL of Escape Room,Hours of Operation,Reviews,Facebook,Twitter,Instagram
Lee PLC,"652 Roman Brook Apt. 423
Lake Todd, LA 31318",8763514073,https://moore.biz/,10 AM - 8 PM,151,https://smith.org/,http://www.scott.biz/,https://www.green-hodge.com/
"Murray, Hinton and King","847 Kenneth Fall
North Charles, NY 52692",242-252-9652x69789,http://campos.com/,9 AM - 9 PM,332,https://quinn.biz/,https://www.cunningham-thomas.com/,https://www.golden.biz/
Johnson-Hernandez,"848 Montgomery Ramp Suite 703
Lake Shannonberg, FM 15169",(468)606-8881x1151,http://graham.org/,10 AM - 7 PM,478,https://baldwin.com/,http://wallace.com/,https://www.kelly-torres.com/
Gutierrez-Lee,"916 Allen Pines
Lake Larryview, MP 98379",(325)579-0652x548,https://www.harris-jackson.info/,11 AM - 9 PM,307,https://shah-brown.info/,https://acosta.com/,http://www.ortega.org/
Stevens-Cortez,"920 Evans Street Apt. 690
Christinaburgh, DE 70696",001-575-377-8826x38647,https://smith-long.com/,9 AM - 10 PM,490,https://www.johnson.com/,https://hernandez-gregory.com/,http://joyce.net/
"Matthews, Roberts and Kane","982 Sherry Glens Suite 394
West Christina, IL 56742",367.758.7465x99269,https://lambert.org/,11 AM - 11 PM,286,https://www.odonnell.com/,https://gonzalez.com/,http://hinton.net/
"Wolfe, Benjamin and Wise","85122 Diaz Plains
West Chase, WI 65781",598-741-8978,http://montgomery-williamson.net/,10 AM - 7 PM,415,http://giles.com/,https://www.hart.com/,https://www.silva.net/
Turner and Sons,"0061 Anthony Road Apt. 949
Whiteburgh, WI 69504",(343)853-0786x0511,https://howard.com/,10 AM - 6 PM,218,https://www.schaefer.net/,http://mitchell-davis.net/,https://www.butler-adams.com/
Green-Fields,"74250 Robinson Spring
Lake Mary, WY 91738",(739)891-4438,https://www.hall-fox.com/,11 AM - 6 PM,412,https://donaldson.com/,https://www.jones.com/,http://thompson.info/
"Kent, Walsh and Robinson","0814 Tonya Corners
West Benjamin, MT 39645",(312)933-9715x971,https://www.rhodes-richardson.net/,9 AM - 9 PM,332,https://www.miller.com/,https://www.johnson.com/,https://www.bauer.info/
Parker-Mason,"69371 Madison Inlet
Normaport, LA 38627",916.668.4673,http://www.good-mcguire.net/,9 AM - 6 PM,410,http://www.hampton.com/,https://cox.org/,https://www.lowe.com/
Chaney Ltd,"USCGC King
FPO AE 64631",+1-418-753-6542x54898,http://spencer-stephens.com/,11 AM - 6 PM,2,https://www.diaz.com/,http://jones.biz/,https://www.horton-boone.net/
Bryant-Stewart,"946 Waller Plains
Port Melissa, VI 17860",(764)205-8959,http://www.koch.org/,9 AM - 8 PM,257,http://www.brady.com/,https://www.flynn.com/,https://www.martinez.com/
Williams Ltd,"0066 Martinez Neck
Damonland, KS 34928",001-533-731-6036x34889,https://horn.com/,11 AM - 7 PM,421,http://www.saunders.com/,https://carr-smith.net/,https://graham.com/
"Smith, Howell and Smith","602 Richard Streets Apt. 614
East Joseph, NY 03825",001-866-244-0493x5146,http://york-turner.org/,11 AM - 8 PM,338,https://evans-knight.com/,https://www.hughes-hammond.biz/,https://jenkins-faulkner.biz/
Davies-Huff,"589 Maria Shoal
New Sheilaport, WV 41228",5163821425,https://williams.com/,9 AM - 9 PM,411,https://www.mata-brooks.org/,https://www.glenn.com/,https://morris.com/
Myers-Salas,"443 Jeffrey Plains Apt. 097
Port Lisa, MS 36492",515.209.1756x00525,http://smith.com/,11 AM - 5 PM,34,http://maldonado-bell.org/,https://flores.biz/,http://acevedo-gregory.com/
"Hernandez, Terry and Rivera","94972 Lauren Centers
West Joshua, MT 71227",+1-874-486-6155x965,http://www.mcdaniel.com/,11 AM - 9 PM,490,https://hernandez.org/,https://www.west-mercer.com/,https://gonzalez-bishop.net/
Anderson-Watts,"59824 Marissa Prairie Apt. 977
Larsentown, AL 93450",+1-629-664-4075x8229,https://www.flores-brown.org/,9 AM - 5 PM,448,https://schmitt.net/,http://brady.info/,http://www.day.net/
Sanders-Preston,"2780 Castillo Ferry Apt. 749
East Bruce, FM 02899",365.588.9699,https://www.webb.com/,11 AM - 11 PM,430,https://www.schmidt-fitzgerald.com/,https://www.osborn.com/,https://www.perez.com/
"Mcconnell, Davis and White","0415 Rodriguez Crossroad Suite 686
Jacobsonborough, MN 46551",480.773.3065,http://martin.com/,10 AM - 5 PM,7,http://www.hernandez.com/,https://www.cummings-rice.com/,https://huynh.com/
"Rodriguez, Davis and Mitchell","595 Flores Island
Catherineburgh, WA 37209",001-434-313-3869x840,https://www.welch-williams.net/,9 AM - 11 PM,392,https://www.harrington.com/,http://carter.com/,http://cruz.com/
Jackson Group,"7064 Kent Station
Wagnershire, PA 41054",(700)490-9813x3036,http://www.parrish-elliott.com/,11 AM - 5 PM,263,https://white.info/,http://www.smith.org/,https://www.johnston-davis.net/
Jones Ltd,"4139 Daniel Keys Suite 751
North Scott, MN 89859",+1-966-534-7215x03868,https://www.bishop-lee.com/,11 AM - 11 PM,353,http://www.caldwell.org/,https://www.zamora.info/,http://norris.com/
"Young, Campbell and Reed","Unit 7390 Box 5471
DPO AE 94429",+1-849-763-0123x09799,http://www.smith-morse.com/,9 AM - 8 PM,302,https://www.bates.net/,http://cook.com/,http://www.wood.com/
"Price, Curry and Washington","4088 Preston Terrace Apt. 483
Terriburgh, AK 37790",5355397408,http://www.calderon.com/,11 AM - 5 PM,258,http://www.jones.info/,https://www.webster-rodriguez.org/,https://www.rogers-anderson.com/
"Santana, Clay and Shannon","742 Phelps Pass
Karenmouth, VI 25734",(917)314-4134,http://www.greene.com/,10 AM - 9 PM,469,http://gillespie.biz/,https://www.williams.org/,https://www.hall.com/
Mcgrath LLC,"0085 Foster Rapids
Moyerside, MS 78756",5876132742,http://www.marshall.biz/,9 AM - 9 PM,365,https://preston.biz/,http://carlson.com/,https://christian-wright.com/
Wilkins and Sons,"447 Richard Center
West Davidmouth, VT 21963",(745)524-5343,https://arroyo.com/,11 AM - 11 PM,284,http://www.taylor-sexton.com/,https://www.jefferson.com/,http://mason-wilson.com/
Price Group,"578 Trujillo Estate
Conniemouth, DC 49629",355.291.7116x61594,http://jackson-waller.net/,11 AM - 8 PM,401,https://marquez.com/,http://www.spencer-ramirez.com/,https://flores-cabrera.com/
"Mcguire, Blake and Woods","27079 Christopher Drives Apt. 592
New Kenneth, VT 72674",+1-865-950-4895x3778,http://washington-gardner.com/,11 AM - 6 PM,45,https://www.hubbard.net/,http://parker-snyder.com/,http://clark.com/
Martin-Salazar,"83996 Sara Throughway Apt. 524
New William, CA 20629",745-314-8939,http://flores-moreno.info/,10 AM - 8 PM,69,https://williams.com/,http://www.martinez.org/,https://www.clarke.com/
Martinez-Glover,"661 Matthews Mountain Suite 212
Andrewland, MN 45960",001-593-978-8743x6465,https://boyd.com/,11 AM - 9 PM,84,https://holmes-ballard.org/,http://hendricks.biz/,https://www.church-mcdonald.com/
Jackson-Ortiz,"7376 Valenzuela Extensions Apt. 535
Port Jenniferburgh, NY 06926",+1-495-329-9159x477,http://www.anderson-wheeler.info/,10 AM - 8 PM,409,http://williams.com/,http://www.clark-hughes.com/,https://www.adams-porter.com/
Woods-Torres,"75399 Douglas Burg Suite 765
Ochoamouth, MH 82269",528-727-9107x060,https://snyder.com/,9 AM - 5 PM,287,https://lindsey.biz/,https://www.nelson.com/,http://www.king.info/
Gregory PLC,"853 Craig Burg
South Hannah, MP 86913",998.686.5432x69241,https://www.schwartz.info/,9 AM - 10 PM,431,http://gonzalez.com/,https://www.ford-gonzales.net/,http://davenport-hall.com/
Harper PLC,"00744 Morgan Drives
Doyleville, OK 36773",+1-705-580-8037x1589,https://mitchell.com/,11 AM - 6 PM,199,http://hernandez-young.com/,https://gray.com/,https://www.benson.com/
Smith-Leon,"364 Darius Stravenue
Rossmouth, WI 10347",(539)558-6022x97637,http://www.sanchez.org/,11 AM - 5 PM,262,https://www.burke.biz/,https://www.ayers.com/,https://zimmerman-haynes.com/
"Maldonado, Alexander and Moss","2085 Kimberly Flats
Josephside, MT 78711",5693738814,http://edwards-ryan.com/,9 AM - 8 PM,30,http://young.com/,https://johnson.com/,https://martin-boyer.com/
Cunningham Ltd,"6857 Deborah Neck Suite 595
New Randy, OH 14957",938-832-7458x577,https://hendricks-davis.biz/,11 AM - 8 PM,267,http://white.net/,https://pratt.net/,https://www.jimenez-walsh.com/
Davis PLC,"29692 Jimmy Forest Suite 495
North Kennethmouth, NY 90311",711-233-7396,https://www.johnson-durham.biz/,9 AM - 8 PM,144,http://hamilton.com/,https://www.parks.com/,https://www.robinson-travis.com/
"Clements, Duran and Ruiz","Unit 0709 Box 4186
DPO AA 87724",(672)280-3795,http://www.booker-jensen.com/,9 AM - 7 PM,140,https://www.johnson.com/,https://www.myers.info/,https://richardson.com/
"Pratt, Edwards and Thompson","609 Curtis Crest Apt. 621
Port Angela, NV 20295",(311)889-4968x932,https://myers-lawrence.com/,11 AM - 11 PM,275,http://glass-horton.com/,http://james-moran.org/,http://byrd-duncan.biz/
Moore and Sons,"581 Tammy Stream Apt. 431
Hollyhaven, FM 97016",(982)341-3806,http://www.valdez-holmes.com/,11 AM - 7 PM,158,http://mejia.com/,https://www.adams-nguyen.net/,http://wright.com/
Miller-Hines,"45181 Anthony Forest Apt. 194
Lake Markport, ND 91328",730.915.2444,https://www.solis.net/,10 AM - 9 PM,423,https://www.tate-boyer.biz/,https://henderson-smith.net/,https://hess-hall.com/
Dennis Inc,"876 Keller Path
South Craigborough, MO 58880",640-458-4777x9317,http://www.potts.com/,9 AM - 6 PM,326,https://stewart.info/,http://richards-townsend.com/,https://www.thompson.org/
Lin-Smith,"610 Smith Bypass
Port Thomasberg, AK 15541",+1-789-469-6962,https://www.warren.info/,11 AM - 9 PM,481,http://www.prince-bell.com/,https://www.caldwell.com/,http://www.ross.net/
"Woods, Morris and Thomas","569 Kimberly Forks
Zunigaland, UT 79102",(448)583-9841x516,http://molina-turner.com/,10 AM - 11 PM,33,https://guzman.info/,http://fleming.com/,https://hill.biz/
Carpenter Ltd,"0890 Brittany Parkway
North Maryberg, DC 76967",507-990-7294x316,https://www.pace.info/,10 AM - 6 PM,323,https://www.cruz.com/,https://castro-lawrence.org/,http://martinez-sims.com/
"Williamson, Adkins and Burgess","Unit 3167 Box 0913
DPO AA 51953",(861)594-6943,http://bailey.com/,9 AM - 7 PM,168,https://kelly.com/,https://www.anderson-travis.net/,https://sanders.com/
Bryant Ltd,"02746 Timothy Mountain Suite 550
Lake Jeremiah, TX 57673",5239807785,http://smith.com/,10 AM - 10 PM,258,http://curtis-miller.org/,https://www.mccullough-sawyer.com/,https://mcintyre-joseph.com/
Mcfarland-Curry,"60482 Jones Plaza
South Shanemouth, VT 35358",842.772.4397,https://www.watson.com/,9 AM - 8 PM,176,https://www.sutton.biz/,https://www.rivera-woods.biz/,https://www.frazier.biz/
Fox LLC,"43321 Houston Row
Luistown, AZ 19864",3239803818,https://www.mooney-miller.info/,10 AM - 6 PM,374,https://doyle.com/,https://frost.com/,https://scott-johnson.net/
"Preston, Burton and Adams","7381 Kathryn Forge
Lake Joannaborough, ID 19266",296.316.0871x59716,https://www.franco-smith.com/,11 AM - 9 PM,21,https://www.waters-beck.com/,http://www.gates-warren.biz/,https://adams-townsend.net/
"Hester, Coleman and Yates","604 Snyder Station
Port Tinaburgh, FM 29257",+1-376-599-7384x6280,https://reeves-wright.org/,9 AM - 9 PM,352,http://www.green.info/,http://www.craig.com/,https://www.young-shah.com/
Atkins-Mckay,"410 Scott Skyway Suite 650
South Juliefort, PW 91368",001-251-864-1508x3812,https://davis.com/,11 AM - 10 PM,46,https://www.martinez.com/,http://houston.net/,https://www.shah.org/
Wood-Mcdonald,"6965 Joel Cove
South Matthew, HI 34721",910-535-3212,http://taylor.info/,9 AM - 7 PM,88,http://bell.com/,https://www.davis.info/,https://vazquez.com/
Whitney-Stone,"28031 Michael Turnpike
Danielton, GA 89270",2496397595,http://www.collins.com/,11 AM - 7 PM,201,http://oneal.com/,http://wagner-johnson.com/,https://www.davis.com/
Henry-Jensen,"3585 Hammond Union
Donaldville, ME 97056",001-799-539-8919x1082,https://brown.com/,9 AM - 9 PM,129,https://www.smith.info/,https://www.irwin.com/,https://www.brown.com/
"Mitchell, Taylor and Bradford","839 Morrison Lodge
Hernandezfurt, ND 54342",534.350.2331x1087,https://www.bradley-callahan.com/,9 AM - 9 PM,306,https://www.campbell.com/,https://www.barnes-bradshaw.com/,https://www.gill.com/
Lopez PLC,"395 Brittney Islands Suite 873
New Nicholasshire, SD 62651",+1-709-688-0857,http://deleon.com/,9 AM - 7 PM,39,http://miller.com/,https://bolton.com/,https://www.mcgee.com/
Jones LLC,"59625 Donald Spurs
Alexanderview, OK 58646",3166870137,http://weber.com/,9 AM - 11 PM,187,https://www.becker-zhang.com/,https://www.charles.com/,https://rodriguez.biz/
Bates Group,"92579 Johnson Plain
Jonesberg, ME 71980",+1-985-614-7602,https://williams.com/,9 AM - 7 PM,382,http://foster.com/,https://www.johnson.com/,https://www.gallagher-sullivan.com/
Singh Inc,"75827 Sellers Square Suite 715
Everettshire, MP 03784",001-243-379-7513x479,http://hart-martin.com/,10 AM - 6 PM,341,https://www.malone.com/,https://www.mercer.net/,https://www.fisher-johnston.biz/
"Turner, Lowery and Barber","5458 Daniel Turnpike Apt. 569
Lindsaymouth, NH 59198",594-876-3873x0543,https://myers.com/,11 AM - 6 PM,233,https://sweeney.com/,https://www.gibbs-english.info/,https://sanchez-goodman.biz/
Kelley Inc,"9138 Kelly Estates
New Davidside, NJ 12899",(519)922-7525x32591,http://li-medina.com/,10 AM - 5 PM,122,https://www.green.info/,http://www.palmer.org/,https://mccann.info/
"Vega, Smith and Robinson","7258 Isaiah Cove Suite 488
Mckenziefurt, SD 83333",+1-470-446-4378x6727,https://www.bush-downs.com/,9 AM - 7 PM,469,http://smith.org/,http://jones.com/,https://www.allen.org/
Young Group,"6763 Carter Street
Elliottborough, MP 26114",820-466-4909x416,https://cooley.com/,9 AM - 6 PM,361,https://walter-wiggins.com/,http://www.jones.info/,https://bird-reyes.com/
Clark PLC,"USCGC Moore
FPO AE 69895",(998)664-4659x97993,https://ray-thomas.biz/,10 AM - 7 PM,256,https://cox.com/,http://www.nunez.com/,https://booker.info/
Reed Inc,"PSC 2754, Box 2931
APO AP 91799",609-835-4326x374,http://www.rodriguez-ashley.org/,10 AM - 11 PM,313,https://ayers.com/,http://hernandez-nguyen.org/,https://hall.com/
"James, Deleon and Romero","2657 Vincent Plains Apt. 075
Barneshaven, DE 69018",558.356.7707x4475,https://www.brown.com/,11 AM - 6 PM,256,https://www.jones.com/,https://shaffer.com/,https://www.adams-gonzalez.com/
Thomas Ltd,"155 Wells Center Apt. 832
South Haroldmouth, KY 72230",(837)990-2622x3911,http://larsen-mckay.com/,11 AM - 5 PM,129,https://johnson-newton.com/,http://www.mcdaniel.com/,http://anderson-cardenas.com/
Bishop Ltd,"25919 Benton Landing
Lopeztown, NE 38712",(390)622-8101x34502,http://burns.com/,11 AM - 5 PM,167,http://willis.org/,https://www.gray-mueller.com/,https://black.com/
Savage Inc,"USS Cardenas
FPO AA 30562",+1-325-832-7230x03494,http://reynolds.com/,11 AM - 10 PM,411,http://townsend.com/,https://ford-reyes.org/,https://gonzalez.com/
"Shelton, Rivera and Hicks","4967 Crane Neck
North Michael, NH 68478",271.410.3092x37496,http://www.smith.com/,9 AM - 10 PM,310,http://zamora.biz/,http://www.fritz-miller.com/,https://www.garcia.com/
Ingram Group,"1543 Bryan Ramp
North Charlesborough, MA 02922",461-621-9207x2471,https://www.doyle.biz/,10 AM - 10 PM,424,http://www.smith.com/,http://martinez.info/,http://boyd.com/
Perez-Cardenas,"838 Huber Pass Apt. 910
Dustinmouth, MP 55580",468.289.1853x34670,http://mccall.biz/,11 AM - 5 PM,386,http://www.bridges-frazier.info/,https://www.smith-marshall.org/,https://www.cuevas.org/
Shields-Jacobs,"USNV Sandoval
FPO AE 55210",461.903.1580x983,http://turner.com/,11 AM - 11 PM,473,https://conway-garcia.info/,https://www.rice-moran.com/,http://www.yoder.com/
Willis Ltd,"3314 Baird Trail
Longchester, WV 31719",(430)296-1318x518,https://hudson.com/,10 AM - 7 PM,426,http://miller.com/,https://www.schmidt-thomas.net/,https://young-simpson.com/
"Lambert, Flores and Evans","212 Marks Wells Suite 230
Drewfort, FL 43817",001-956-499-5719x897,http://fisher.com/,11 AM - 8 PM,491,https://www.bonilla.com/,http://www.mitchell.com/,https://www.flores.com/
Cruz-Lucero,"745 Samantha Isle
North Nathan, HI 77211",4416953988,https://www.pineda.com/,10 AM - 5 PM,204,https://gonzalez-martinez.org/,https://andrews-conley.com/,https://rivera.com/
"Lopez, Patterson and Torres","5552 Lyons Green Apt. 661
New Kevinville, NM 11582",(955)303-2325x7231,https://walker-mclaughlin.info/,10 AM - 7 PM,162,http://obrien.biz/,https://williams.com/,https://www.thomas.com/
Nelson-Jones,"40515 Cortez Pine Suite 342
Walkerland, PW 56163",905-275-2256x521,https://cobb.com/,11 AM - 9 PM,215,http://www.lynch.com/,http://burnett-harper.com/,https://www.drake-esparza.com/
"Gonzales, Tran and Harvey","4985 Hernandez Lights
Lake Marilynview, MA 74154",(365)827-6380x5571,https://www.harvey-johnson.com/,9 AM - 11 PM,136,https://peterson-moyer.com/,https://long.com/,https://www.peterson.com/
Walsh Group,"09059 Gross Summit
Emilyborough, SC 43413",619-743-8021,https://small.net/,9 AM - 6 PM,438,http://johnson-martinez.com/,http://white.biz/,https://martin-farrell.com/
"Wilson, Garcia and Obrien","26110 Derek Manor
North Annette, MS 94978",+1-947-569-3882x278,https://www.meadows.org/,9 AM - 6 PM,211,http://www.thomas.com/,https://www.preston.org/,http://ramsey-thomas.com/
Nichols-Day,"48721 Walter Turnpike Apt. 212
Tyroneport, CT 86407",001-397-786-0659x203,http://www.lynch-myers.net/,9 AM - 7 PM,377,http://wilson-roberts.com/,http://hanson-hays.info/,http://www.martin-velasquez.com/
Watts-Butler,"490 Carrie Place Suite 358
New Emilytown, NJ 74143",918-996-0369x30099,https://morris.com/,10 AM - 10 PM,214,http://www.vargas-johnston.biz/,http://quinn.com/,http://www.durham-frazier.com/
"Gilbert, Schneider and Ellis","452 Reginald Harbor
Floresburgh, DC 21917",890-358-1476x1812,http://aguilar.com/,10 AM - 11 PM,8,http://jones.com/,http://www.hill.com/,https://acosta-ruiz.info/
"Cox, Schultz and Hill","4374 Kristin Shore
Alexandermouth, OH 84753",491.846.6747,https://www.smith.net/,9 AM - 7 PM,274,https://moore.net/,http://www.carr-martinez.net/,http://www.ashley.biz/
"Carter, Gonzales and Cortez","3733 Michael Ridges Suite 521
New Justintown, PR 47203",644.922.2999x80948,http://www.suarez.com/,9 AM - 8 PM,241,http://mathews-dunn.com/,https://lewis-espinoza.org/,https://www.kim-zavala.com/
Stewart PLC,"966 Reyes Overpass Apt. 832
New Christopherberg, SD 75664",981.712.8262x65745,http://www.jackson-berger.org/,9 AM - 6 PM,302,http://www.coffey.biz/,https://ross-roberts.biz/,http://brown.com/
Cole and Sons,"82392 Dennis Springs
Joshuaport, UT 57662",+1-480-652-0536x628,https://frost.com/,11 AM - 11 PM,309,https://brown.com/,http://www.davidson.com/,http://www.jones-hunter.info/
"Wallace, Leonard and Harris","Unit 3473 Box 6806
DPO AA 79623",(446)462-4651,https://velazquez-clayton.com/,9 AM - 8 PM,256,https://www.vaughn-smith.com/,http://stewart-perez.com/,https://martinez-hartman.com/
Jensen-Smith,"697 John Fall
Jonesmouth, MS 80562",+1-405-640-6699x860,http://www.shelton-harding.net/,11 AM - 7 PM,290,https://miller.com/,https://www.gonzales.net/,https://www.fry.com/
"Thompson, Sanchez and Lyons","778 Gilbert Mission Suite 158
North Elizabeth, IL 31890",001-246-743-9890x9046,https://www.young.info/,9 AM - 7 PM,436,https://hawkins-bishop.com/,https://evans-maynard.info/,http://lee.com/
Parker Group,"44796 Gregory Key
Bakershire, FL 12811",+1-428-678-2742,https://www.ramos.info/,11 AM - 6 PM,69,https://www.medina.com/,http://peterson.com/,https://cisneros-ford.com/
Nelson-Hogan,"9666 Stark Brooks Suite 084
Anneside, CA 12837",4174779946,http://gonzales.com/,11 AM - 5 PM,121,https://www.garcia.net/,http://www.carrillo-williams.com/,https://www.jones-warren.com/
"Forbes, Thornton and Mcguire","204 Massey Place Suite 354
New Scott, WY 09342",+1-273-289-8688x02701,http://brooks.biz/,9 AM - 5 PM,491,https://www.drake.com/,http://hardy.com/,https://brown-berry.com/
"Howell, Lee and Saunders","677 Wilson Valleys Apt. 734
Danielview, TX 33173",001-812-241-9874x54202,http://harrison-parker.info/,10 AM - 7 PM,44,http://www.miller-walker.com/,https://www.lawson.com/,https://short.com/
